swarm,stage,keywords,response
ml,eda,"eda,exploratory,analyze data,dataset","**[OFFLINE MODE] EDA Report**\n\nI have analyzed the dataset structure.\n\n**1. Data Structure**\n- Rows: 1000\n- Columns: 15\n- Missing Values: None detected in critical columns.\n\n**2. Key Distributions**\n- Target variable is balanced (50/50 split).\n- Feature 'Age' shows normal distribution.\n\n**3. Recommendations**\n- Proceed with standardization for numerical features.\n- One-hot encode the 'Category' column."
ml,training,"train,model,random forest,fit","**[OFFLINE MODE] Training Log**\n\nInitializing Random Forest Classifier...\n\n- n_estimators: 100\n- max_depth: None\n- random_state: 42\n\nTraining complete.\n- Training Accuracy: 0.98\n- Validation Accuracy: 0.85\n\nModel saved to artifacts/model.pkl."
ml,evaluation,"evaluate,metrics,performance,confusion","**[OFFLINE MODE] Evaluation Report**\n\n**Metrics:**\n- Precision: 0.84\n- Recall: 0.86\n- F1-Score: 0.85\n\n**Feature Importance:**\n1. Income (0.25)\n2. Age (0.15)\n3. Loan_History (0.10)\n\n**Conclusion:**\nThe model performs well on the test set but shows slight overfitting."
research,search,"research,search,find,investigate","**[OFFLINE MODE] Research Findings**\n\n**Topic:** {topic}\n\n**Key Findings:**\n1. The field has seen 200% growth in the last year.\n2. Major players include TechCorp and InnovateAI.\n3. Recent studies suggest a shift towards hybrid architectures.\n\n**Sources:**\n- *Journal of AI Research (2024)*\n- *Tech Trends Quarterly (Q3 2024)*"
research,trends,"trend,future,prediction,outlook","**[OFFLINE MODE] Trend Analysis**\n\n**Emerging Trends:**\n- Integration of edge computing.\n- Focus on energy efficiency.\n\n**Prediction (12-18 months):**\nExpect widespread adoption in consumer electronics by Q4 2025."
research_academic,lit_review,"literature,paper,academic,study","**[OFFLINE MODE] Literature Review**\n\n**Seminal Papers:**\n1. Smith et al. (2020) - Established the baseline methodology.\n2. Johnson & Doe (2022) - Introduced the attention mechanism variant.\n\n**Methodology Analysis:**\nMost studies utilize a quantitative approach with cross-sectional data."
business_intelligence,market,"market,competitor,size,share","**[OFFLINE MODE] Market Analysis**\n\n**Market Size:** $5.4 Billion (2024)\n**CAGR:** 12.5%\n\n**Key Competitors:**\n- Alpha Inc. (30% share)\n- Beta Corp (25% share)\n\n**Opportunity:**\nThe enterprise segment is underserved."
business_intelligence,financial,"financial,cost,revenue,profit","**[OFFLINE MODE] Financial Model**\n\n**Projections (Year 1):**\n- Revenue: $1.2M\n- COGS: $400k\n- Gross Margin: 66%\n\n**Break-even Point:** Month 14"
dev_code,architecture,"architecture,design,system,pattern","**[OFFLINE MODE] Architecture Design**\n\n**Pattern:** Microservices with Event-Driven Communication\n\n**Components:**\n1. API Gateway (FastAPI)\n2. Auth Service (OAuth2)\n3. Data Processor (Worker Queue)\n\n**Database:** PostgreSQL for relational data, Redis for caching."
dev_code,code,"code,implement,write,function","**[OFFLINE MODE] Implementation**\n\n```python\ndef process_data(data: pd.DataFrame) -> pd.DataFrame:\n    \"\"\"Clean and normalize input data.\"\"\"\n    # Handle missing values\n    data = data.fillna(0)\n    \n    # Normalize\n    for col in data.select_dtypes(include=[np.number]):\n        data[col] = (data[col] - data[col].mean()) / data[col].std()\n        \n    return data\n```"
documentation,plan,"plan,structure,outline,toc","**[OFFLINE MODE] Documentation Plan**\n\n**Audience:** Developers\n\n**Table of Contents:**\n1. Introduction\n2. Installation\n3. Quick Start\n4. API Reference\n5. Contributing\n6. License"

